UUID,FIRST NAME,LAST NAME,IP ADDRESS
00d88c1c-2453-40e9-8a2b-ea2e04af9d68,Fonz,Tewkesberrie,205.216.24.58
e0578c6d-7e03-4bf1-a903-3406bf2a095f,Jeannette,Senn,163.231.210.68
4b38c421-1d4d-49ee-8991-93900e25be19,Isacco,Renneke,224.136.72.204
19a3bf91-d1aa-4488-9936-feb2e45e2be3,Wendye,Ouldcott,24.162.102.128
48b6399d-cc22-4207-94d5-810332c000d2,Francisca,O'Doghesty,
c318d23f-6079-4923-8663-3e77123ddd35,Ron,Nisby,86.4.183.226
f4f81fb0-76da-4743-935a-96d1740f5c14,Andrey,Montfort,226.124.55.185
bc5bf6e1-d7fa-440f-b01d-492d69a2a450,Rheba,Liddiatt,
b3ed0717-9626-4319-bd8c-6fc6d708af73,Jonas,Gathercole,167.143.99.17
42884ddd-f2cd-4632-8153-ce25f49eea44,Terri-jo,Athey,85.179.241.56
